{
    "params": {
        "depth": 7,
        "n_hidden": 235,
        "init": 1.3148209864689446,
        "lr": 0.0075029032749307075
    },
    "best_value": 6.445929360654859
}